{"cameraMode":{"drawMode":0,"name":"Shaded","section":"Shading Mode"},"sceneLighting":true,"audioPlay":false,"sceneViewState":{"m_AlwaysRefresh":false,"showFog":true,"showSkybox":true,"showFlares":true,"showImageEffects":true,"showParticleSystems":true,"showVisualEffectGraphs":true,"m_FxEnabled":true},"in2DMode":false,"pivot":{"x":-8.199511528015137,"y":4.640278339385986,"z":-30.914752960205079},"rotation":{"x":-0.006387501023709774,"y":-0.9653775095939636,"z":-0.023755498230457307,"w":0.25970354676246645},"size":16.657604217529298,"orthographic":false}