{"cameraMode":{"drawMode":0,"name":"Shaded","section":"Shading Mode"},"sceneLighting":true,"audioPlay":false,"sceneViewState":{"m_AlwaysRefresh":false,"showFog":true,"showSkybox":true,"showFlares":true,"showImageEffects":true,"showParticleSystems":true,"showVisualEffectGraphs":true,"m_FxEnabled":true},"in2DMode":false,"pivot":{"x":-14.025800704956055,"y":-13.378287315368653,"z":49.071109771728519},"rotation":{"x":0.13313142955303193,"y":-0.11241890490055084,"z":0.015197171829640866,"w":0.9846029281616211},"size":30.99003028869629,"orthographic":false}